id,firstname,lastname,email,gender,profession,age
100,Shandie,Lucienne,Shandie.Lucienne@email.com,female,doctor,40
101,Teddie,Salvidor,Teddie.Salvidor@email.com,female,doctor,45
102,Kaja,Hamil,Kaja.Hamil@email.com,female,developer,28
103,Winifred,Sandye,Winifred.Sandye@email.com,female,doctor,28
104,Melisent,Cornelia,Melisent.Cornelia@email.com,male,doctor,40
105,Jacquetta,Konyn,Jacquetta.Konyn@email.com,male,developer,27
106,Kore,Felizio,Kore.Felizio@email.com,male,firefighter,41
107,Lesly,Virgin,Lesly.Virgin@email.com,female,doctor,45
108,Elsie,Darian,Elsie.Darian@email.com,female,worker,33
109,Sibella,Liva,Sibella.Liva@email.com,female,police officer,32
110,Magdalena,Nester,Magdalena.Nester@email.com,female,worker,21
111,Collen,Pettiford,Collen.Pettiford@email.com,female,police officer,42
112,Amalie,Zola,Amalie.Zola@email.com,male,firefighter,33
113,Tina,Corrine,Tina.Corrine@email.com,female,firefighter,41
114,Oralee,Christal,Oralee.Christal@email.com,female,firefighter,18
115,Gretal,Phaidra,Gretal.Phaidra@email.com,female,developer,37
116,Alejandra,Zamora,Alejandra.Zamora@email.com,female,doctor,27
117,Paola,Sidonius,Paola.Sidonius@email.com,male,doctor,36
118,Gilligan,Travax,Gilligan.Travax@email.com,male,developer,28
119,Patricia,Therine,Patricia.Therine@email.com,male,firefighter,26
120,Danika,Blase,Danika.Blase@email.com,female,worker,39
121,Carilyn,Cecile,Carilyn.Cecile@email.com,female,worker,45
122,Gianina,Diogenes,Gianina.Diogenes@email.com,female,firefighter,23
123,Catrina,Ortrude,Catrina.Ortrude@email.com,female,firefighter,36
124,Odessa,Krystle,Odessa.Krystle@email.com,male,developer,23
125,Ada,Rosalba,Ada.Rosalba@email.com,female,worker,45
126,Nanete,Hutchison,Nanete.Hutchison@email.com,male,worker,38
127,Viviene,Aldric,Viviene.Aldric@email.com,male,worker,43
128,Allis,Blisse,Allis.Blisse@email.com,male,doctor,36
129,Chere,Fontana,Chere.Fontana@email.com,female,doctor,39
130,Nollie,Simmonds,Nollie.Simmonds@email.com,male,worker,20
131,Melisent,Donoghue,Melisent.Donoghue@email.com,male,developer,32
132,Frieda,Fabiola,Frieda.Fabiola@email.com,male,police officer,18
133,Dorothy,Dearborn,Dorothy.Dearborn@email.com,male,firefighter,34
134,Phedra,Ilka,Phedra.Ilka@email.com,female,firefighter,38
135,Maridel,Gilmour,Maridel.Gilmour@email.com,male,firefighter,22
136,Vevay,Lowry,Vevay.Lowry@email.com,male,developer,45
137,Oona,Cohdwell,Oona.Cohdwell@email.com,female,developer,36
138,Carolina,Lay,Carolina.Lay@email.com,male,police officer,20
139,Margarette,Egbert,Margarette.Egbert@email.com,male,police officer,20
140,Asia,Laverne,Asia.Laverne@email.com,male,doctor,34
141,Kathi,Cloris,Kathi.Cloris@email.com,female,worker,18
142,Dode,Shama,Dode.Shama@email.com,female,firefighter,25
143,Jasmina,Donell,Jasmina.Donell@email.com,male,firefighter,22
144,Odessa,Anton,Odessa.Anton@email.com,male,worker,30
145,Magdalena,Wilona,Magdalena.Wilona@email.com,female,developer,42
146,Cacilie,Hubert,Cacilie.Hubert@email.com,male,firefighter,46
147,Maye,Anton,Maye.Anton@email.com,male,worker,35
148,Latisha,Bonucci,Latisha.Bonucci@email.com,female,doctor,23
149,Dulce,Karna,Dulce.Karna@email.com,female,developer,36
150,Marylou,Schonfeld,Marylou.Schonfeld@email.com,male,police officer,37
151,Elvira,Bahr,Elvira.Bahr@email.com,female,worker,35
152,Clementine,Merell,Clementine.Merell@email.com,female,firefighter,35
153,Arlena,Odell,Arlena.Odell@email.com,male,firefighter,32
154,Marcelline,Posner,Marcelline.Posner@email.com,female,doctor,28
155,Gretal,Yerkovich,Gretal.Yerkovich@email.com,female,police officer,26
156,Blake,Keelia,Blake.Keelia@email.com,male,developer,41
157,Theodora,Revkah,Theodora.Revkah@email.com,male,police officer,19
158,Tina,Wolfgram,Tina.Wolfgram@email.com,male,firefighter,21
159,Shannah,Dimitris,Shannah.Dimitris@email.com,male,firefighter,25
160,Amii,Linehan,Amii.Linehan@email.com,female,developer,41
161,Kary,Dominy,Kary.Dominy@email.com,female,doctor,36
162,Clary,Goddard,Clary.Goddard@email.com,female,firefighter,44
163,Eugine,Clie,Eugine.Clie@email.com,male,doctor,39
164,Tarra,Garek,Tarra.Garek@email.com,male,developer,22
165,Tressa,Tamsky,Tressa.Tamsky@email.com,female,developer,35
166,Almeta,Slifka,Almeta.Slifka@email.com,female,firefighter,41
167,Viviene,Zetta,Viviene.Zetta@email.com,female,doctor,33
168,Belinda,Bluh,Belinda.Bluh@email.com,male,doctor,18
169,Raf,Bury,Raf.Bury@email.com,male,firefighter,41
170,Alisha,Kare,Alisha.Kare@email.com,female,firefighter,30
171,Linet,Jacinda,Linet.Jacinda@email.com,female,developer,22
172,Marleah,Peti,Marleah.Peti@email.com,female,developer,30
173,Dale,Bendick,Dale.Bendick@email.com,female,doctor,44
174,Aigneis,Tatianas,Aigneis.Tatianas@email.com,male,firefighter,21
175,Jenda,Wilkinson,Jenda.Wilkinson@email.com,male,firefighter,18
176,Tierney,Chabot,Tierney.Chabot@email.com,male,police officer,34
177,Henriette,Toor,Henriette.Toor@email.com,male,firefighter,18
178,Devina,Screens,Devina.Screens@email.com,female,developer,40
179,Fanchon,Bethany,Fanchon.Bethany@email.com,female,worker,21
180,Alia,Ochs,Alia.Ochs@email.com,female,firefighter,28
181,Annora,Leonard,Annora.Leonard@email.com,female,doctor,25
182,Renie,Natica,Renie.Natica@email.com,male,worker,20
183,Alameda,Ingra,Alameda.Ingra@email.com,female,developer,28
184,Rivalee,Kathie,Rivalee.Kathie@email.com,male,doctor,46
185,Ellette,Douglass,Ellette.Douglass@email.com,male,worker,30
186,Lesly,Maiah,Lesly.Maiah@email.com,female,worker,19
187,Mahalia,Seumas,Mahalia.Seumas@email.com,female,firefighter,36
188,Kimmy,Septima,Kimmy.Septima@email.com,female,police officer,27
189,Norine,Libna,Norine.Libna@email.com,female,developer,34
190,Lyssa,Toffic,Lyssa.Toffic@email.com,male,firefighter,19
191,Eadie,Earlie,Eadie.Earlie@email.com,male,worker,23
192,Nelle,Socha,Nelle.Socha@email.com,female,firefighter,35
193,Celene,Roscoe,Celene.Roscoe@email.com,female,doctor,18
194,Jobi,Merell,Jobi.Merell@email.com,female,doctor,23
195,Clarice,Sancho,Clarice.Sancho@email.com,female,police officer,31
196,Cherilyn,Toffic,Cherilyn.Toffic@email.com,male,worker,32
197,Mamie,Yorick,Mamie.Yorick@email.com,female,firefighter,21
198,Elyssa,Teryn,Elyssa.Teryn@email.com,female,firefighter,33
199,Kaia,Niccolo,Kaia.Niccolo@email.com,male,police officer,27
200,Mathilda,Winthorpe,Mathilda.Winthorpe@email.com,female,police officer,19
201,Mathilda,Jorgan,Mathilda.Jorgan@email.com,female,developer,24
202,Lonnie,Burnside,Lonnie.Burnside@email.com,male,worker,36
203,Dagmar,Munn,Dagmar.Munn@email.com,female,worker,39
204,Kamilah,Croix,Kamilah.Croix@email.com,female,police officer,31
205,Rivalee,Bartlett,Rivalee.Bartlett@email.com,female,doctor,36
206,Pierette,Croix,Pierette.Croix@email.com,female,worker,22
207,Gertrud,Hourigan,Gertrud.Hourigan@email.com,male,developer,25
208,Reeba,Garbe,Reeba.Garbe@email.com,male,developer,41
209,Cathie,Lory,Cathie.Lory@email.com,male,firefighter,42
210,Sherrie,Dudley,Sherrie.Dudley@email.com,male,firefighter,19
211,Roberta,Keily,Roberta.Keily@email.com,female,police officer,32
212,Paulita,Madox,Paulita.Madox@email.com,male,developer,29
213,Edee,Milson,Edee.Milson@email.com,female,worker,33
214,Shaylyn,Albertine,Shaylyn.Albertine@email.com,male,police officer,34
215,Shaine,Clywd,Shaine.Clywd@email.com,female,worker,33
216,Corina,Leary,Corina.Leary@email.com,female,developer,21
217,Gisela,Fiann,Gisela.Fiann@email.com,male,doctor,35
218,Stephanie,Yate,Stephanie.Yate@email.com,female,doctor,42
219,Gisela,Wilkinson,Gisela.Wilkinson@email.com,male,doctor,20
220,Gale,Bonilla,Gale.Bonilla@email.com,female,developer,20
221,Valli,Hebner,Valli.Hebner@email.com,female,firefighter,24
222,Max,Joli,Max.Joli@email.com,female,worker,40
223,Teriann,Bonilla,Teriann.Bonilla@email.com,male,doctor,40
224,Hyacinthe,Leler,Hyacinthe.Leler@email.com,male,developer,45
225,Brooks,Anastatius,Brooks.Anastatius@email.com,male,firefighter,23
226,Micheline,Vharat,Micheline.Vharat@email.com,male,police officer,42
227,Zsa Zsa,Fry,Zsa Zsa.Fry@email.com,male,doctor,34
228,Heida,Sisile,Heida.Sisile@email.com,male,worker,41
229,Hildegaard,Colp,Hildegaard.Colp@email.com,female,doctor,40
230,Karolina,Vharat,Karolina.Vharat@email.com,male,police officer,32
231,Marinna,Maroney,Marinna.Maroney@email.com,female,worker,33
232,Kalina,Dorine,Kalina.Dorine@email.com,male,firefighter,19
233,Mellicent,Hull,Mellicent.Hull@email.com,male,developer,42
234,Wileen,Arley,Wileen.Arley@email.com,female,developer,23
235,Zsa Zsa,Myrilla,Zsa Zsa.Myrilla@email.com,male,police officer,33
236,Moyna,Tiffa,Moyna.Tiffa@email.com,female,police officer,27
237,Hettie,Sprage,Hettie.Sprage@email.com,female,firefighter,32
238,Margalo,Zrike,Margalo.Zrike@email.com,male,doctor,38
239,Gloria,Anastatius,Gloria.Anastatius@email.com,female,developer,18
240,Tiffie,Breed,Tiffie.Breed@email.com,female,worker,22
241,Blondelle,Shelba,Blondelle.Shelba@email.com,male,doctor,41
242,Hyacinthe,Codding,Hyacinthe.Codding@email.com,female,police officer,37
243,Adore,Bryna,Adore.Bryna@email.com,female,firefighter,22
244,Mamie,Thar,Mamie.Thar@email.com,male,police officer,39
245,Magdalena,Christine,Magdalena.Christine@email.com,male,police officer,46
246,Andeee,Santoro,Andeee.Santoro@email.com,male,police officer,39
247,Raf,Jorgan,Raf.Jorgan@email.com,female,developer,18
248,Vere,Hollingsworth,Vere.Hollingsworth@email.com,female,worker,28
249,Meg,Deny,Meg.Deny@email.com,female,police officer,37
250,Mathilda,Linehan,Mathilda.Linehan@email.com,male,police officer,44
251,Clo,Cleo,Clo.Cleo@email.com,female,police officer,42
252,Nanete,Tarrant,Nanete.Tarrant@email.com,male,worker,41
253,Merry,Han,Merry.Han@email.com,male,worker,39
254,Chickie,Mallon,Chickie.Mallon@email.com,female,worker,35
255,Alleen,Nisbet,Alleen.Nisbet@email.com,female,police officer,45
256,Ernesta,Telfer,Ernesta.Telfer@email.com,female,developer,18
257,Mellicent,Cordi,Mellicent.Cordi@email.com,female,police officer,24
258,Paule,Cleo,Paule.Cleo@email.com,male,firefighter,32
259,Esmeralda,Center,Esmeralda.Center@email.com,male,developer,38
260,Corry,Nisbet,Corry.Nisbet@email.com,female,developer,33
261,Paulita,Thar,Paulita.Thar@email.com,female,police officer,29
262,Gilligan,Faria,Gilligan.Faria@email.com,male,firefighter,30
263,Maud,Vivle,Maud.Vivle@email.com,male,firefighter,19
264,Hermione,Podvin,Hermione.Podvin@email.com,female,doctor,35
265,Ardenia,Khorma,Ardenia.Khorma@email.com,male,police officer,46
266,Aurelie,Berl,Aurelie.Berl@email.com,male,firefighter,31
267,Grier,Urania,Grier.Urania@email.com,female,firefighter,24
268,Trixi,Borrell,Trixi.Borrell@email.com,female,worker,21
269,Mureil,Lacombe,Mureil.Lacombe@email.com,male,developer,35
270,Gaylene,Faria,Gaylene.Faria@email.com,female,police officer,27
271,Lindie,Arvo,Lindie.Arvo@email.com,female,police officer,42
272,Jsandye,Haerr,Jsandye.Haerr@email.com,male,worker,33
273,Kore,Fillbert,Kore.Fillbert@email.com,male,police officer,32
274,Letizia,Bakerman,Letizia.Bakerman@email.com,male,worker,46
275,Barbara,Bari,Barbara.Bari@email.com,male,worker,41
276,Larine,Abernon,Larine.Abernon@email.com,female,firefighter,31
277,Sarette,Hutchison,Sarette.Hutchison@email.com,female,firefighter,18
278,Tobe,Kare,Tobe.Kare@email.com,female,doctor,45
279,Merry,McLaughlin,Merry.McLaughlin@email.com,male,doctor,32
280,Carree,Lea,Carree.Lea@email.com,male,firefighter,46
281,Sheree,Rona,Sheree.Rona@email.com,female,firefighter,34
282,Concettina,Vacuva,Concettina.Vacuva@email.com,male,police officer,34
283,Cissiee,Afton,Cissiee.Afton@email.com,male,firefighter,21
284,Eve,Dex,Eve.Dex@email.com,female,firefighter,33
285,Georgina,Albertine,Georgina.Albertine@email.com,male,firefighter,25
286,Jillayne,Sharl,Jillayne.Sharl@email.com,male,developer,33
287,Netty,Hailee,Netty.Hailee@email.com,female,developer,31
288,Zsa Zsa,Saree,Zsa Zsa.Saree@email.com,male,worker,20
289,Drucie,Lutero,Drucie.Lutero@email.com,female,worker,41
290,Chloris,Artie,Chloris.Artie@email.com,female,firefighter,27
291,Reeba,Fitzsimmons,Reeba.Fitzsimmons@email.com,male,firefighter,44
292,Edee,Soneson,Edee.Soneson@email.com,male,developer,28
293,Veda,Pip,Veda.Pip@email.com,female,worker,31
294,Alameda,Dom,Alameda.Dom@email.com,female,firefighter,23
295,Corly,Margret,Corly.Margret@email.com,male,developer,46
296,Vere,Si,Vere.Si@email.com,male,doctor,41
297,Shaylyn,Giule,Shaylyn.Giule@email.com,female,developer,29
298,Ofilia,Corrine,Ofilia.Corrine@email.com,female,firefighter,35
299,Philis,Liva,Philis.Liva@email.com,female,worker,25
300,Bertine,Abbot,Bertine.Abbot@email.com,male,police officer,37
301,Sophia,Jena,Sophia.Jena@email.com,male,developer,24
302,Rebeca,Hoban,Rebeca.Hoban@email.com,male,developer,36
303,Kellen,Ries,Kellen.Ries@email.com,male,developer,41
304,Nyssa,Rebecka,Nyssa.Rebecka@email.com,male,developer,31
305,Gerianna,Alarise,Gerianna.Alarise@email.com,female,developer,41
306,Pamella,Fontana,Pamella.Fontana@email.com,female,developer,30
307,Mariann,Genna,Mariann.Genna@email.com,male,firefighter,20
308,Harrietta,Lasley,Harrietta.Lasley@email.com,female,police officer,36
309,Mahalia,Desai,Mahalia.Desai@email.com,female,doctor,28
310,Shell,Anastatius,Shell.Anastatius@email.com,male,doctor,32
311,Lucille,Nelsen,Lucille.Nelsen@email.com,female,police officer,31
312,Eolanda,Gusella,Eolanda.Gusella@email.com,male,developer,35
313,Jean,Penelopa,Jean.Penelopa@email.com,male,doctor,24
314,Coral,Campball,Coral.Campball@email.com,female,police officer,31
315,Genovera,Valerio,Genovera.Valerio@email.com,male,police officer,41
316,Trixi,Thar,Trixi.Thar@email.com,female,developer,30
317,Ellette,Love,Ellette.Love@email.com,male,worker,33
318,Donetta,Kauppi,Donetta.Kauppi@email.com,male,developer,21
319,Leontine,Norvol,Leontine.Norvol@email.com,male,police officer,19
320,Tarra,Mintz,Tarra.Mintz@email.com,female,firefighter,26
321,Peri,Fitzsimmons,Peri.Fitzsimmons@email.com,female,doctor,29
322,Corry,Linehan,Corry.Linehan@email.com,male,police officer,45
323,Raf,Bigner,Raf.Bigner@email.com,male,worker,24
324,Celestyna,Armanda,Celestyna.Armanda@email.com,male,doctor,43
325,Nataline,Ramona,Nataline.Ramona@email.com,male,developer,33
326,Elora,Constancy,Elora.Constancy@email.com,female,worker,24
327,Kayla,Karna,Kayla.Karna@email.com,male,developer,20
328,Rani,Ivens,Rani.Ivens@email.com,female,firefighter,35
329,Barbara,Waite,Barbara.Waite@email.com,female,developer,26
330,Hollie,Morrill,Hollie.Morrill@email.com,male,firefighter,43
331,Melanie,Pelagias,Melanie.Pelagias@email.com,male,worker,36
332,Kayla,Natalia,Kayla.Natalia@email.com,female,firefighter,40
333,Lesly,Fry,Lesly.Fry@email.com,male,worker,35
334,Norine,Infield,Norine.Infield@email.com,female,doctor,29
335,Lindie,Carlson,Lindie.Carlson@email.com,female,firefighter,46
336,Ardys,Cyrie,Ardys.Cyrie@email.com,male,worker,25
337,Gisela,Dreda,Gisela.Dreda@email.com,female,police officer,41
338,Eadie,Lane,Eadie.Lane@email.com,male,developer,26
339,Vita,Saree,Vita.Saree@email.com,female,developer,30
340,Sheelagh,Deegan,Sheelagh.Deegan@email.com,male,doctor,29
341,Corina,Moina,Corina.Moina@email.com,female,doctor,18
342,Meghann,Ries,Meghann.Ries@email.com,male,firefighter,20
343,Nariko,Nahum,Nariko.Nahum@email.com,male,developer,31
344,Leanna,Willie,Leanna.Willie@email.com,female,worker,31
345,Joy,Liebermann,Joy.Liebermann@email.com,male,doctor,25
346,Carol-Jean,Dreda,Carol-Jean.Dreda@email.com,female,police officer,34
347,Marita,Grimbly,Marita.Grimbly@email.com,female,doctor,40
348,Robbi,Kenwood,Robbi.Kenwood@email.com,female,firefighter,31
349,Rhea,Campball,Rhea.Campball@email.com,male,police officer,41
350,Tomasina,Mathilde,Tomasina.Mathilde@email.com,male,firefighter,27
351,Edee,Calhoun,Edee.Calhoun@email.com,male,worker,24
352,Gilda,Kelula,Gilda.Kelula@email.com,female,worker,30
353,Jan,Schonfeld,Jan.Schonfeld@email.com,female,doctor,22
354,Belinda,Cottle,Belinda.Cottle@email.com,female,doctor,41
355,Rosaline,Zeeba,Rosaline.Zeeba@email.com,female,firefighter,46
356,Roseline,Ferrell,Roseline.Ferrell@email.com,female,firefighter,31
357,Chastity,Secrest,Chastity.Secrest@email.com,male,firefighter,39
358,Katleen,Carleen,Katleen.Carleen@email.com,male,developer,38
359,Konstance,Yoko,Konstance.Yoko@email.com,male,firefighter,30
360,Cassondra,Schonfeld,Cassondra.Schonfeld@email.com,male,doctor,19
361,Verla,Lia,Verla.Lia@email.com,male,worker,44
362,Roxane,Terencio,Roxane.Terencio@email.com,female,doctor,39
363,Cindelyn,Delp,Cindelyn.Delp@email.com,male,developer,22
364,Alexine,Sacken,Alexine.Sacken@email.com,male,worker,35
365,Lucille,Edmund,Lucille.Edmund@email.com,male,firefighter,26
366,Georgetta,Tiffa,Georgetta.Tiffa@email.com,female,firefighter,27
367,Kassey,Land,Kassey.Land@email.com,male,doctor,30
368,Winny,Shirberg,Winny.Shirberg@email.com,female,doctor,27
369,Frank,Alarise,Frank.Alarise@email.com,female,firefighter,45
370,Marsiella,Gaulin,Marsiella.Gaulin@email.com,female,worker,46
371,Bernie,Curren,Bernie.Curren@email.com,female,police officer,36
372,Isa,Toni,Isa.Toni@email.com,male,worker,41
373,Petronia,Seligman,Petronia.Seligman@email.com,female,doctor,39
374,Merle,Lacombe,Merle.Lacombe@email.com,male,doctor,44
375,Rosene,Guthrie,Rosene.Guthrie@email.com,female,doctor,45
376,Teddie,Yuille,Teddie.Yuille@email.com,female,doctor,24
377,Joane,Moseley,Joane.Moseley@email.com,male,developer,40
378,Susan,Ciro,Susan.Ciro@email.com,male,developer,43
379,Clementine,Ralfston,Clementine.Ralfston@email.com,female,police officer,40
380,Adelle,Quent,Adelle.Quent@email.com,female,firefighter,35
381,Marguerite,Martguerita,Marguerite.Martguerita@email.com,male,doctor,29
382,Cordi,Lesley,Cordi.Lesley@email.com,female,doctor,25
383,Audrie,Alrich,Audrie.Alrich@email.com,female,firefighter,27
384,Gilda,Cristi,Gilda.Cristi@email.com,female,developer,25
385,Deirdre,Alabaster,Deirdre.Alabaster@email.com,female,worker,27
386,Libbie,Cyrie,Libbie.Cyrie@email.com,female,developer,33
387,Donetta,Sprage,Donetta.Sprage@email.com,female,police officer,38
388,Barbi,Regan,Barbi.Regan@email.com,male,worker,22
389,Minda,Noman,Minda.Noman@email.com,male,doctor,23
390,Bobbi,Esmaria,Bobbi.Esmaria@email.com,female,doctor,31
391,Agnese,Erb,Agnese.Erb@email.com,female,developer,29
392,Leona,Tufts,Leona.Tufts@email.com,female,doctor,20
393,Magdalena,Kimmie,Magdalena.Kimmie@email.com,female,developer,26
394,Joelly,Dash,Joelly.Dash@email.com,female,developer,26
395,Vita,Bonucci,Vita.Bonucci@email.com,female,doctor,29
396,Jeanna,Allina,Jeanna.Allina@email.com,male,doctor,36
397,Nikki,Bearnard,Nikki.Bearnard@email.com,female,worker,43
398,Ira,Paton,Ira.Paton@email.com,male,doctor,27
399,Nananne,Elo,Nananne.Elo@email.com,male,police officer,32
400,Drucie,Stav,Drucie.Stav@email.com,male,doctor,20
401,Sabina,Standing,Sabina.Standing@email.com,male,worker,44
402,Meghann,Mata,Meghann.Mata@email.com,female,firefighter,22
403,Oona,Lenny,Oona.Lenny@email.com,female,developer,34
404,Sashenka,Ciapas,Sashenka.Ciapas@email.com,male,police officer,31
405,Ardys,Raychel,Ardys.Raychel@email.com,female,firefighter,21
406,Julieta,Gilbertson,Julieta.Gilbertson@email.com,female,firefighter,37
407,Judy,Keelia,Judy.Keelia@email.com,male,police officer,19
408,Vita,Brunell,Vita.Brunell@email.com,male,police officer,34
409,Benita,Merat,Benita.Merat@email.com,male,police officer,18
410,Dorthy,McClimans,Dorthy.McClimans@email.com,male,doctor,30
411,Adelle,Adore,Adelle.Adore@email.com,male,police officer,40
412,Leeanne,Halsey,Leeanne.Halsey@email.com,female,police officer,42
413,Ingrid,Hubert,Ingrid.Hubert@email.com,male,worker,35
414,Tiffie,Garbe,Tiffie.Garbe@email.com,female,worker,42
415,Brietta,Malina,Brietta.Malina@email.com,female,police officer,20
416,Michaelina,Gregrory,Michaelina.Gregrory@email.com,female,doctor,35
417,Rayna,Halla,Rayna.Halla@email.com,male,police officer,43
418,Edee,Garrison,Edee.Garrison@email.com,female,developer,42
419,Jessamyn,Bakerman,Jessamyn.Bakerman@email.com,male,firefighter,27
420,Claresta,Mandler,Claresta.Mandler@email.com,female,doctor,34
421,Annecorinne,Ferino,Annecorinne.Ferino@email.com,male,developer,21
422,Adore,Hoban,Adore.Hoban@email.com,female,doctor,24
423,Marita,Erich,Marita.Erich@email.com,male,developer,30
424,Maud,Cordi,Maud.Cordi@email.com,female,firefighter,37
425,Vivia,Doig,Vivia.Doig@email.com,female,doctor,21
426,Gilligan,Heidt,Gilligan.Heidt@email.com,female,worker,43
427,Annecorinne,Stuart,Annecorinne.Stuart@email.com,female,firefighter,43
428,Doralynne,Annabella,Doralynne.Annabella@email.com,male,firefighter,35
429,Gusty,Carolin,Gusty.Carolin@email.com,female,developer,27
430,Calla,Khorma,Calla.Khorma@email.com,female,developer,46
431,Deirdre,Mike,Deirdre.Mike@email.com,male,doctor,40
432,Cassondra,Faria,Cassondra.Faria@email.com,male,developer,22
433,Miquela,Atcliffe,Miquela.Atcliffe@email.com,male,police officer,20
434,Elka,Kathie,Elka.Kathie@email.com,male,worker,39
435,Lacie,Drus,Lacie.Drus@email.com,male,firefighter,31
436,Rhoda,Amadas,Rhoda.Amadas@email.com,male,developer,39
437,Jean,Jalbert,Jean.Jalbert@email.com,female,police officer,21
438,Silvana,Westphal,Silvana.Westphal@email.com,male,developer,42
439,Jacquetta,Philoo,Jacquetta.Philoo@email.com,male,doctor,23
440,Althea,Tremayne,Althea.Tremayne@email.com,male,doctor,40
441,Chastity,Modie,Chastity.Modie@email.com,male,firefighter,44
442,Cordi,Argus,Cordi.Argus@email.com,female,doctor,39
443,Edyth,Mauer,Edyth.Mauer@email.com,female,firefighter,25
444,Valli,Adrienne,Valli.Adrienne@email.com,female,developer,28
445,Christian,Chick,Christian.Chick@email.com,female,doctor,46
446,Olwen,Mullane,Olwen.Mullane@email.com,male,doctor,27
447,Cyndie,Presber,Cyndie.Presber@email.com,female,police officer,26
448,Rebeca,Kelula,Rebeca.Kelula@email.com,male,worker,44
449,Andree,Fennessy,Andree.Fennessy@email.com,female,firefighter,30
450,Margalo,Kevon,Margalo.Kevon@email.com,female,police officer,41
451,Rosabelle,Love,Rosabelle.Love@email.com,female,police officer,38
452,Mariele,Kannry,Mariele.Kannry@email.com,female,doctor,27
453,Mallory,Toffic,Mallory.Toffic@email.com,male,police officer,37
454,Ginnie,Greyson,Ginnie.Greyson@email.com,male,firefighter,26
455,Bibby,Charity,Bibby.Charity@email.com,male,police officer,35
456,Evaleen,Ardeha,Evaleen.Ardeha@email.com,female,worker,20
457,Sophia,Masao,Sophia.Masao@email.com,female,firefighter,45
458,Kelly,Cecile,Kelly.Cecile@email.com,female,developer,27
459,Bobbi,Shama,Bobbi.Shama@email.com,male,developer,24
460,Chloris,Stanwood,Chloris.Stanwood@email.com,male,doctor,45
461,Ernesta,Berl,Ernesta.Berl@email.com,male,worker,40
462,Vita,Charity,Vita.Charity@email.com,female,firefighter,46
463,Nataline,Concha,Nataline.Concha@email.com,male,police officer,31
464,Cindelyn,Papageno,Cindelyn.Papageno@email.com,male,developer,21
465,Robinia,Warthman,Robinia.Warthman@email.com,female,police officer,19
466,Maye,Danby,Maye.Danby@email.com,female,doctor,38
467,Michaelina,Warthman,Michaelina.Warthman@email.com,female,police officer,31
468,Magdalena,Granoff,Magdalena.Granoff@email.com,female,firefighter,36
469,Elie,Ferrell,Elie.Ferrell@email.com,male,firefighter,40
470,Bettine,Munn,Bettine.Munn@email.com,female,worker,43
471,Mary,Toffic,Mary.Toffic@email.com,male,firefighter,24
472,Tilly,Dudley,Tilly.Dudley@email.com,female,worker,22
473,Frances,Obed,Frances.Obed@email.com,female,police officer,32
474,Feliza,Klemperer,Feliza.Klemperer@email.com,male,doctor,37
475,Winny,Colyer,Winny.Colyer@email.com,female,police officer,29
476,Elfreda,Saint,Elfreda.Saint@email.com,female,developer,22
477,Ricky,Diann,Ricky.Diann@email.com,female,firefighter,42
478,Paola,Orlene,Paola.Orlene@email.com,male,doctor,42
479,Darlleen,Sigfrid,Darlleen.Sigfrid@email.com,female,developer,24
480,Mireielle,Wolfgram,Mireielle.Wolfgram@email.com,male,doctor,26
481,Jessy,Wilona,Jessy.Wilona@email.com,male,doctor,20
482,Elie,Parette,Elie.Parette@email.com,female,worker,30
483,Jeanna,Graig,Jeanna.Graig@email.com,female,developer,23
484,Netty,Krystle,Netty.Krystle@email.com,female,doctor,41
485,Beth,Solitta,Beth.Solitta@email.com,female,police officer,44
486,Nonnah,Leler,Nonnah.Leler@email.com,female,police officer,23
487,Noelle,Jobi,Noelle.Jobi@email.com,female,firefighter,28
488,Christal,Read,Christal.Read@email.com,female,doctor,34
489,Kary,Ethban,Kary.Ethban@email.com,male,doctor,35
490,Gusella,Hylan,Gusella.Hylan@email.com,male,worker,22
491,Quintina,Letsou,Quintina.Letsou@email.com,female,developer,24
492,Nadine,Reidar,Nadine.Reidar@email.com,male,firefighter,24
493,Neila,Neils,Neila.Neils@email.com,female,doctor,33
494,Briney,Winthorpe,Briney.Winthorpe@email.com,male,police officer,21
495,Gerrie,Koziara,Gerrie.Koziara@email.com,male,doctor,41
496,Clementine,Lail,Clementine.Lail@email.com,male,worker,33
497,Adriana,Bethany,Adriana.Bethany@email.com,male,worker,36
498,Jenilee,Ax,Jenilee.Ax@email.com,female,firefighter,45
499,Cassondra,Dosia,Cassondra.Dosia@email.com,female,developer,41
500,Antonietta,Hanleigh,Antonietta.Hanleigh@email.com,female,developer,39
501,Shirlee,Vorster,Shirlee.Vorster@email.com,male,firefighter,33
502,Estell,Narton,Estell.Narton@email.com,female,doctor,22
503,Vanessa,Lay,Vanessa.Lay@email.com,female,worker,45
504,Corry,Yusuk,Corry.Yusuk@email.com,male,doctor,25
505,Valli,Brady,Valli.Brady@email.com,female,firefighter,18
506,Sindee,Leonard,Sindee.Leonard@email.com,male,police officer,20
507,Elbertina,Briney,Elbertina.Briney@email.com,male,developer,20
508,Bibby,Shanley,Bibby.Shanley@email.com,male,firefighter,23
509,Elie,Bultman,Elie.Bultman@email.com,male,police officer,32
510,Audrie,Decato,Audrie.Decato@email.com,female,developer,21
511,Orelia,Flita,Orelia.Flita@email.com,male,doctor,34
512,Shel,Martsen,Shel.Martsen@email.com,female,firefighter,39
513,Dorthy,Drus,Dorthy.Drus@email.com,male,doctor,24
514,Amalie,Merna,Amalie.Merna@email.com,female,developer,35
515,Kimberley,Hachmin,Kimberley.Hachmin@email.com,female,worker,34
516,Ada,Trace,Ada.Trace@email.com,female,worker,43
517,Marnia,Hamil,Marnia.Hamil@email.com,female,police officer,34
518,Annaliese,Erskine,Annaliese.Erskine@email.com,male,firefighter,18
519,Sadie,Konyn,Sadie.Konyn@email.com,male,developer,25
520,Dacia,Randene,Dacia.Randene@email.com,female,police officer,21
521,Melina,Brodench,Melina.Brodench@email.com,female,doctor,41
522,Paule,Bury,Paule.Bury@email.com,female,doctor,34
523,Lily,Laverne,Lily.Laverne@email.com,male,developer,22
524,Fidelia,Cookie,Fidelia.Cookie@email.com,male,developer,18
525,Susette,Jerold,Susette.Jerold@email.com,male,doctor,31
526,Amii,Secrest,Amii.Secrest@email.com,male,doctor,31
527,Willetta,Ursulette,Willetta.Ursulette@email.com,male,worker,27
528,Vanessa,Nore,Vanessa.Nore@email.com,male,worker,39
529,Konstance,Bartlett,Konstance.Bartlett@email.com,male,police officer,20
530,Deedee,Khorma,Deedee.Khorma@email.com,male,developer,20
531,Harmonia,Kesley,Harmonia.Kesley@email.com,male,doctor,24
532,Rozele,Argus,Rozele.Argus@email.com,male,developer,23
533,Olivette,Avi,Olivette.Avi@email.com,female,doctor,18
534,Corry,Brittani,Corry.Brittani@email.com,female,firefighter,40
535,Sharai,Bebe,Sharai.Bebe@email.com,female,worker,24
536,Dione,Mozelle,Dione.Mozelle@email.com,male,worker,36
537,Linet,Lalitta,Linet.Lalitta@email.com,female,police officer,39
538,Dione,Alice,Dione.Alice@email.com,male,police officer,35
539,Chrystel,Stanwood,Chrystel.Stanwood@email.com,male,worker,28
540,Sheree,Morrill,Sheree.Morrill@email.com,female,worker,27
541,Marline,Ephrem,Marline.Ephrem@email.com,male,developer,41
542,Farrah,Sacken,Farrah.Sacken@email.com,female,firefighter,19
543,Rhea,Keelia,Rhea.Keelia@email.com,female,worker,21
544,Desirae,Lenny,Desirae.Lenny@email.com,male,police officer,28
545,Sharai,Nester,Sharai.Nester@email.com,female,worker,24
546,Moyna,Gombach,Moyna.Gombach@email.com,male,doctor,42
547,Mathilda,Erskine,Mathilda.Erskine@email.com,female,police officer,38
548,Queenie,Azeria,Queenie.Azeria@email.com,female,developer,28
549,Collen,Boehike,Collen.Boehike@email.com,female,worker,24
550,Jasmina,Vastah,Jasmina.Vastah@email.com,female,worker,37
551,Susette,Bearnard,Susette.Bearnard@email.com,male,police officer,44
552,Emma,Geffner,Emma.Geffner@email.com,female,developer,27
553,Ethel,Ade,Ethel.Ade@email.com,female,doctor,37
554,Cindelyn,Bohlin,Cindelyn.Bohlin@email.com,female,worker,23
555,Bill,Creamer,Bill.Creamer@email.com,female,police officer,38
556,Romona,Roche,Romona.Roche@email.com,male,worker,40
557,Regina,Tristram,Regina.Tristram@email.com,female,police officer,30
558,Siana,Denis,Siana.Denis@email.com,female,worker,44
559,Ulrike,Rosemary,Ulrike.Rosemary@email.com,male,developer,21
560,Nicoli,Cecile,Nicoli.Cecile@email.com,male,police officer,35
561,Neila,Nicoline,Neila.Nicoline@email.com,female,police officer,21
562,Ketti,Boehike,Ketti.Boehike@email.com,male,police officer,34
563,Gusella,Brittani,Gusella.Brittani@email.com,female,police officer,41
564,Ezmeralda,Phyllis,Ezmeralda.Phyllis@email.com,male,firefighter,43
565,Rivalee,Trinetta,Rivalee.Trinetta@email.com,female,police officer,42
566,Modestia,McCutcheon,Modestia.McCutcheon@email.com,male,developer,21
567,Stephanie,Cressida,Stephanie.Cressida@email.com,male,doctor,43
568,Frank,Pernick,Frank.Pernick@email.com,male,firefighter,19
569,Annecorinne,Strephon,Annecorinne.Strephon@email.com,male,worker,23
570,Lynde,Woodberry,Lynde.Woodberry@email.com,male,firefighter,42
571,Lorie,Syd,Lorie.Syd@email.com,female,worker,42
572,Nadine,Fleeta,Nadine.Fleeta@email.com,male,doctor,36
573,Tierney,Felizio,Tierney.Felizio@email.com,male,worker,46
574,Cyb,Saree,Cyb.Saree@email.com,female,doctor,30
575,Atlanta,Paine,Atlanta.Paine@email.com,female,firefighter,39
576,Corina,Eckblad,Corina.Eckblad@email.com,female,doctor,30
577,Natka,Yoko,Natka.Yoko@email.com,female,developer,42
578,Teriann,Matthew,Teriann.Matthew@email.com,female,doctor,18
579,Selma,O'Neill,Selma.O'Neill@email.com,male,firefighter,33
580,Estell,Blase,Estell.Blase@email.com,female,firefighter,24
581,Jinny,Alexandr,Jinny.Alexandr@email.com,male,firefighter,30
582,Amii,Margret,Amii.Margret@email.com,male,developer,25
583,Shandie,Jary,Shandie.Jary@email.com,male,firefighter,19
584,Patricia,Gabrielli,Patricia.Gabrielli@email.com,female,firefighter,36
585,Allis,Kinnard,Allis.Kinnard@email.com,male,police officer,30
586,Ronna,Laurianne,Ronna.Laurianne@email.com,female,doctor,29
587,Melisent,Swanhildas,Melisent.Swanhildas@email.com,female,doctor,45
588,Cyndie,Monk,Cyndie.Monk@email.com,male,firefighter,20
589,Laure,Hylan,Laure.Hylan@email.com,female,developer,43
590,Viki,Roche,Viki.Roche@email.com,male,doctor,18
591,Jere,Warthman,Jere.Warthman@email.com,female,police officer,42
592,Melina,Chrystel,Melina.Chrystel@email.com,male,police officer,19
593,Sidoney,Norrie,Sidoney.Norrie@email.com,female,doctor,39
594,Fernande,Publia,Fernande.Publia@email.com,female,firefighter,28
595,Quintina,Moina,Quintina.Moina@email.com,male,developer,34
596,Caressa,Brady,Caressa.Brady@email.com,female,police officer,45
597,Blinni,Holbrook,Blinni.Holbrook@email.com,male,worker,28
598,Willetta,Bertold,Willetta.Bertold@email.com,male,worker,22
599,Doro,Henrie,Doro.Henrie@email.com,male,police officer,45
600,Marguerite,Aldric,Marguerite.Aldric@email.com,male,doctor,41
601,Bee,Reneta,Bee.Reneta@email.com,female,developer,34
602,Nariko,Hutchison,Nariko.Hutchison@email.com,female,worker,23
603,Kayla,Auberbach,Kayla.Auberbach@email.com,male,developer,30
604,Charissa,Blisse,Charissa.Blisse@email.com,female,police officer,28
605,Alisha,LaRue,Alisha.LaRue@email.com,male,police officer,32
606,Carly,Shuler,Carly.Shuler@email.com,male,firefighter,41
607,Paola,Lipson,Paola.Lipson@email.com,female,police officer,35
608,Agnese,Gavrila,Agnese.Gavrila@email.com,male,doctor,37
609,Marsiella,Dulciana,Marsiella.Dulciana@email.com,male,firefighter,43
610,Veda,Karylin,Veda.Karylin@email.com,female,worker,25
611,Reeba,Sperling,Reeba.Sperling@email.com,female,firefighter,37
612,Modestia,Jenness,Modestia.Jenness@email.com,male,worker,37
613,Althea,Vivle,Althea.Vivle@email.com,male,doctor,25
614,Dale,Klotz,Dale.Klotz@email.com,male,firefighter,21
615,Lonnie,Ophelia,Lonnie.Ophelia@email.com,female,police officer,30
616,Jinny,Yusuk,Jinny.Yusuk@email.com,female,developer,21
617,Loree,Raul,Loree.Raul@email.com,male,doctor,39
618,Tami,Campball,Tami.Campball@email.com,male,doctor,34
619,Tatiania,Edvard,Tatiania.Edvard@email.com,male,developer,25
620,Orelia,Dyche,Orelia.Dyche@email.com,male,firefighter,40
621,Wilma,Rossner,Wilma.Rossner@email.com,female,firefighter,46
622,Evita,Nickola,Evita.Nickola@email.com,male,police officer,30
623,Marylou,Halsey,Marylou.Halsey@email.com,male,police officer,41
624,Letizia,Raul,Letizia.Raul@email.com,male,worker,22
625,Lesly,Briney,Lesly.Briney@email.com,female,firefighter,20
626,Gusella,Dreda,Gusella.Dreda@email.com,female,doctor,39
627,Courtnay,Plato,Courtnay.Plato@email.com,female,doctor,26
628,Marguerite,Rocray,Marguerite.Rocray@email.com,female,developer,36
629,Siana,Dielu,Siana.Dielu@email.com,male,developer,30
630,Althea,Orelee,Althea.Orelee@email.com,female,doctor,21
631,Vinita,Shuler,Vinita.Shuler@email.com,male,firefighter,31
632,Shell,Vanni,Shell.Vanni@email.com,male,firefighter,31
633,Sabina,Nester,Sabina.Nester@email.com,male,worker,34
634,Dyann,Laverne,Dyann.Laverne@email.com,female,firefighter,37
635,Dorene,Arathorn,Dorene.Arathorn@email.com,male,worker,44
636,Shaine,Primalia,Shaine.Primalia@email.com,female,police officer,18
637,Marleah,Podvin,Marleah.Podvin@email.com,female,worker,20
638,Pamella,Goerke,Pamella.Goerke@email.com,male,police officer,23
639,Chandra,Burch,Chandra.Burch@email.com,male,firefighter,38
640,Binny,Cherianne,Binny.Cherianne@email.com,male,worker,37
641,Shauna,Konyn,Shauna.Konyn@email.com,female,developer,38
642,Alex,Mozelle,Alex.Mozelle@email.com,male,police officer,25
643,Jean,Bandeen,Jean.Bandeen@email.com,female,developer,46
644,Teriann,Therine,Teriann.Therine@email.com,female,doctor,27
645,Mariann,Baudin,Mariann.Baudin@email.com,male,police officer,26
646,Andeee,Leffen,Andeee.Leffen@email.com,female,police officer,30
647,Fredericka,Chaing,Fredericka.Chaing@email.com,female,firefighter,25
648,Dagmar,Fax,Dagmar.Fax@email.com,male,developer,28
649,Loree,Karylin,Loree.Karylin@email.com,male,police officer,41
650,Flo,Sherfield,Flo.Sherfield@email.com,female,worker,42
651,Cristabel,Bevin,Cristabel.Bevin@email.com,male,developer,34
652,Georgetta,Berne,Georgetta.Berne@email.com,male,worker,26
653,Kathy,Jacobah,Kathy.Jacobah@email.com,male,firefighter,39
654,Dawn,Velick,Dawn.Velick@email.com,male,firefighter,27
655,Tina,O'Rourke,Tina.O'Rourke@email.com,female,firefighter,36
656,Tiffie,Dyche,Tiffie.Dyche@email.com,male,firefighter,25
657,Jany,Voletta,Jany.Voletta@email.com,female,doctor,25
658,Sybille,Palocz,Sybille.Palocz@email.com,female,firefighter,31
659,Andree,An,Andree.An@email.com,female,developer,40
660,Leia,Durware,Leia.Durware@email.com,female,firefighter,30
661,Berget,Lewes,Berget.Lewes@email.com,female,firefighter,27
662,Leia,Torray,Leia.Torray@email.com,female,developer,33
663,Gilda,Kelula,Gilda.Kelula@email.com,male,firefighter,35
664,Sabina,Serilda,Sabina.Serilda@email.com,male,doctor,45
665,Aaren,Gregrory,Aaren.Gregrory@email.com,female,doctor,34
666,Lulita,Urania,Lulita.Urania@email.com,female,developer,31
667,Peri,Kellby,Peri.Kellby@email.com,female,worker,40
668,Melisent,Berard,Melisent.Berard@email.com,female,doctor,33
669,Monika,Brackely,Monika.Brackely@email.com,female,worker,33
670,Hope,Madelene,Hope.Madelene@email.com,male,police officer,35
671,Peri,MacIntosh,Peri.MacIntosh@email.com,male,firefighter,32
672,Blake,Chinua,Blake.Chinua@email.com,male,doctor,43
673,Damaris,Adalbert,Damaris.Adalbert@email.com,female,doctor,27
674,Blinni,Daniele,Blinni.Daniele@email.com,male,doctor,37
675,Cherrita,Gower,Cherrita.Gower@email.com,male,developer,32
676,Candi,Sancho,Candi.Sancho@email.com,female,police officer,39
677,Alyda,Bennie,Alyda.Bennie@email.com,male,police officer,31
678,Laure,Riva,Laure.Riva@email.com,male,doctor,34
679,Melodie,Gombach,Melodie.Gombach@email.com,female,police officer,43
680,Lonnie,Dorothy,Lonnie.Dorothy@email.com,male,police officer,27
681,Talya,Ulphia,Talya.Ulphia@email.com,female,developer,30
682,Nollie,Gusella,Nollie.Gusella@email.com,male,worker,26
683,Emilia,Bebe,Emilia.Bebe@email.com,female,developer,29
684,Steffane,Gherardo,Steffane.Gherardo@email.com,male,doctor,33
685,Minda,Tillford,Minda.Tillford@email.com,female,police officer,42
686,Joelly,Rooney,Joelly.Rooney@email.com,male,developer,24
687,Kamilah,Eckblad,Kamilah.Eckblad@email.com,female,developer,26
688,Brynna,Henrie,Brynna.Henrie@email.com,female,developer,21
689,Carolina,Gilbertson,Carolina.Gilbertson@email.com,male,worker,22
690,Desirae,Florina,Desirae.Florina@email.com,female,developer,34
691,Edee,Reneta,Edee.Reneta@email.com,male,police officer,38
692,Ada,Suzetta,Ada.Suzetta@email.com,male,police officer,30
693,Briney,Guildroy,Briney.Guildroy@email.com,male,police officer,28
694,Nessie,Schenck,Nessie.Schenck@email.com,female,firefighter,27
695,Teddie,Elephus,Teddie.Elephus@email.com,female,doctor,21
696,Elbertina,Elvyn,Elbertina.Elvyn@email.com,female,doctor,44
697,Aigneis,Brenn,Aigneis.Brenn@email.com,female,doctor,20
698,Rhoda,Lilas,Rhoda.Lilas@email.com,male,firefighter,37
699,Goldie,Faria,Goldie.Faria@email.com,male,police officer,20
700,Barbi,Nadia,Barbi.Nadia@email.com,male,firefighter,38
701,Wendi,Linehan,Wendi.Linehan@email.com,female,doctor,38
702,Deirdre,Braun,Deirdre.Braun@email.com,male,firefighter,34
703,Laurene,Claudine,Laurene.Claudine@email.com,female,developer,36
704,Josephine,Marsden,Josephine.Marsden@email.com,male,firefighter,45
705,Tani,Merna,Tani.Merna@email.com,male,worker,44
706,Eadie,Cath,Eadie.Cath@email.com,male,firefighter,37
707,Evita,Gabrielli,Evita.Gabrielli@email.com,female,worker,42
708,Quintina,Ammann,Quintina.Ammann@email.com,male,police officer,23
709,Kimberley,Israeli,Kimberley.Israeli@email.com,male,developer,41
710,Morganica,Gladstone,Morganica.Gladstone@email.com,male,police officer,34
711,Charmaine,Means,Charmaine.Means@email.com,female,police officer,40
712,Emmey,Hazlett,Emmey.Hazlett@email.com,female,developer,21
713,Tybie,Swigart,Tybie.Swigart@email.com,male,worker,20
714,Cherrita,Cadmar,Cherrita.Cadmar@email.com,female,police officer,32
715,June,Cassius,June.Cassius@email.com,male,worker,41
716,Beverley,Cottle,Beverley.Cottle@email.com,male,doctor,35
717,Marinna,Center,Marinna.Center@email.com,female,firefighter,24
718,Adelle,Edvard,Adelle.Edvard@email.com,female,developer,31
719,Eve,Durante,Eve.Durante@email.com,male,police officer,36
720,Christy,Helve,Christy.Helve@email.com,male,firefighter,24
721,Mariele,O'Carroll,Mariele.O'Carroll@email.com,male,developer,36
722,Rosene,Grosz,Rosene.Grosz@email.com,male,firefighter,40
723,Orelia,Pitt,Orelia.Pitt@email.com,male,doctor,44
724,Brena,Sikorski,Brena.Sikorski@email.com,male,doctor,46
725,Donetta,Danby,Donetta.Danby@email.com,male,doctor,40
726,Cordi,Lea,Cordi.Lea@email.com,male,worker,26
727,Kathi,Kaja,Kathi.Kaja@email.com,female,doctor,37
728,Heddie,Rolf,Heddie.Rolf@email.com,male,worker,41
729,Nickie,Donoghue,Nickie.Donoghue@email.com,male,worker,22
730,Pollyanna,Garek,Pollyanna.Garek@email.com,male,police officer,32
731,Gabriellia,Allare,Gabriellia.Allare@email.com,female,doctor,43
732,Lanae,Zina,Lanae.Zina@email.com,male,doctor,33
733,Noelle,Jefferey,Noelle.Jefferey@email.com,female,firefighter,40
734,Margarette,Pettiford,Margarette.Pettiford@email.com,female,firefighter,44
735,Jackie,Grosz,Jackie.Grosz@email.com,male,developer,21
736,Susette,Kosey,Susette.Kosey@email.com,female,police officer,43
737,Berta,Graig,Berta.Graig@email.com,female,developer,40
738,Bernie,Fabiola,Bernie.Fabiola@email.com,female,doctor,36
739,Sara-Ann,Nicoline,Sara-Ann.Nicoline@email.com,male,firefighter,41
740,Amii,Crudden,Amii.Crudden@email.com,female,developer,18
741,Diena,Tacye,Diena.Tacye@email.com,male,police officer,35
742,Ann-Marie,Allare,Ann-Marie.Allare@email.com,female,developer,31
743,Merle,Odell,Merle.Odell@email.com,male,worker,44
744,Gale,Bollay,Gale.Bollay@email.com,male,worker,23
745,Donnie,Dawkins,Donnie.Dawkins@email.com,female,police officer,18
746,Brianna,Dorothy,Brianna.Dorothy@email.com,male,worker,34
747,Sabina,Carolin,Sabina.Carolin@email.com,female,police officer,28
748,Helsa,Larochelle,Helsa.Larochelle@email.com,male,firefighter,36
749,Augustine,Hutchison,Augustine.Hutchison@email.com,male,doctor,18
750,Fredericka,Jorgan,Fredericka.Jorgan@email.com,male,police officer,28
751,Tybie,Marsden,Tybie.Marsden@email.com,female,firefighter,36
752,Nollie,Kathie,Nollie.Kathie@email.com,female,firefighter,35
753,Dacia,Ader,Dacia.Ader@email.com,female,developer,32
754,Reeba,Eachern,Reeba.Eachern@email.com,male,police officer,35
755,Pamella,Kronfeld,Pamella.Kronfeld@email.com,male,police officer,27
756,Ulrike,Stanwood,Ulrike.Stanwood@email.com,male,developer,30
757,Addia,Stacy,Addia.Stacy@email.com,female,police officer,23
758,Lonnie,Phaidra,Lonnie.Phaidra@email.com,female,worker,41
759,Imojean,Havens,Imojean.Havens@email.com,male,police officer,27
760,Kirbee,Natica,Kirbee.Natica@email.com,female,police officer,43
761,Binny,Gibbeon,Binny.Gibbeon@email.com,male,developer,28
762,Mathilda,Henrie,Mathilda.Henrie@email.com,female,police officer,42
763,Tonia,Mallon,Tonia.Mallon@email.com,female,doctor,20
764,Evaleen,Lewes,Evaleen.Lewes@email.com,male,firefighter,23
765,Dorice,Cassius,Dorice.Cassius@email.com,female,firefighter,20
766,Rosene,Pond,Rosene.Pond@email.com,male,developer,41
767,Ninnetta,Melan,Ninnetta.Melan@email.com,male,worker,45
768,Fayre,Bates,Fayre.Bates@email.com,male,developer,21
769,Arlena,Tillford,Arlena.Tillford@email.com,female,worker,30
770,Chrystel,Primalia,Chrystel.Primalia@email.com,female,doctor,41
771,Jeanna,Ezar,Jeanna.Ezar@email.com,male,police officer,20
772,Tatiania,Felizio,Tatiania.Felizio@email.com,female,worker,40
773,Sybille,Alarise,Sybille.Alarise@email.com,female,police officer,41
774,Noelle,Ethban,Noelle.Ethban@email.com,female,firefighter,34
775,Marguerite,Sawtelle,Marguerite.Sawtelle@email.com,male,doctor,45
776,Randa,Anselmi,Randa.Anselmi@email.com,male,firefighter,26
777,Gianina,Demitria,Gianina.Demitria@email.com,male,police officer,31
778,Riannon,Merell,Riannon.Merell@email.com,male,worker,29
779,Vere,Maribeth,Vere.Maribeth@email.com,female,firefighter,18
780,Jasmina,Pelagias,Jasmina.Pelagias@email.com,male,worker,38
781,Dale,Thar,Dale.Thar@email.com,female,developer,18
782,Fredericka,Garbe,Fredericka.Garbe@email.com,male,police officer,27
783,Rayna,Goode,Rayna.Goode@email.com,female,doctor,34
784,Jan,Pelagias,Jan.Pelagias@email.com,female,developer,27
785,Gabriellia,Autrey,Gabriellia.Autrey@email.com,female,police officer,22
786,Heida,August,Heida.August@email.com,male,police officer,21
787,Candi,Charmine,Candi.Charmine@email.com,male,police officer,33
788,Kate,Waite,Kate.Waite@email.com,male,developer,28
789,Molli,Maiah,Molli.Maiah@email.com,male,doctor,28
790,Janeczka,Hoban,Janeczka.Hoban@email.com,female,police officer,43
791,Romona,Pettiford,Romona.Pettiford@email.com,female,worker,45
792,Lory,Lunsford,Lory.Lunsford@email.com,male,doctor,29
793,Deloria,Lumbard,Deloria.Lumbard@email.com,female,firefighter,32
794,Aigneis,Erich,Aigneis.Erich@email.com,female,worker,26
795,Feliza,Elisha,Feliza.Elisha@email.com,female,police officer,32
796,Livvyy,Faso,Livvyy.Faso@email.com,female,firefighter,40
797,Siana,Curren,Siana.Curren@email.com,female,developer,26
798,Lonnie,McClimans,Lonnie.McClimans@email.com,male,developer,26
799,Stevana,Loeb,Stevana.Loeb@email.com,male,firefighter,27
800,Karena,Wenda,Karena.Wenda@email.com,male,developer,30
801,Farrah,Boehike,Farrah.Boehike@email.com,female,doctor,20
802,Gaylene,Jena,Gaylene.Jena@email.com,female,doctor,42
803,Melisent,Tound,Melisent.Tound@email.com,female,developer,35
804,Sallie,Modie,Sallie.Modie@email.com,male,worker,27
805,Dede,Madaih,Dede.Madaih@email.com,male,worker,18
806,Alex,Irmine,Alex.Irmine@email.com,female,developer,41
807,Kara-Lynn,Nance,Kara-Lynn.Nance@email.com,male,developer,38
808,Bertine,Gerge,Bertine.Gerge@email.com,male,doctor,28
809,Rosanne,Lay,Rosanne.Lay@email.com,male,doctor,37
810,Phedra,Gamaliel,Phedra.Gamaliel@email.com,male,worker,44
811,Adore,Hewitt,Adore.Hewitt@email.com,female,doctor,19
812,Dagmar,Eugenia,Dagmar.Eugenia@email.com,female,firefighter,28
813,Allyce,Lynn,Allyce.Lynn@email.com,female,developer,37
814,Mathilda,Cynar,Mathilda.Cynar@email.com,female,developer,20
815,Tabbatha,Goth,Tabbatha.Goth@email.com,female,worker,26
816,Fredericka,Terrence,Fredericka.Terrence@email.com,female,firefighter,36
817,Rochette,Japeth,Rochette.Japeth@email.com,male,worker,19
818,Kelly,Weide,Kelly.Weide@email.com,male,doctor,27
819,Shell,Dominy,Shell.Dominy@email.com,female,doctor,25
820,Pamella,Kylander,Pamella.Kylander@email.com,female,developer,43
821,Gui,Santoro,Gui.Santoro@email.com,female,worker,41
822,Lynnea,Redmond,Lynnea.Redmond@email.com,female,firefighter,24
823,Leeanne,Ogren,Leeanne.Ogren@email.com,male,developer,41
824,Gale,Yusuk,Gale.Yusuk@email.com,male,developer,29
825,Mignon,Lucienne,Mignon.Lucienne@email.com,female,developer,26
826,Cassandra,Izaak,Cassandra.Izaak@email.com,male,police officer,38
827,Pamella,Audly,Pamella.Audly@email.com,male,doctor,23
828,Millie,Abbot,Millie.Abbot@email.com,male,firefighter,25
829,Fidelia,Dosia,Fidelia.Dosia@email.com,male,worker,40
830,Roslyn,Schroth,Roslyn.Schroth@email.com,male,worker,29
831,Joceline,Quent,Joceline.Quent@email.com,male,worker,22
832,Kayla,Vharat,Kayla.Vharat@email.com,female,worker,20
833,Karena,Lipson,Karena.Lipson@email.com,male,police officer,30
834,Deedee,Othilia,Deedee.Othilia@email.com,female,doctor,41
835,Joleen,Ietta,Joleen.Ietta@email.com,male,firefighter,26
836,Alejandra,Hylan,Alejandra.Hylan@email.com,male,police officer,19
837,Dale,Iphlgenia,Dale.Iphlgenia@email.com,female,developer,44
838,Merle,Parsaye,Merle.Parsaye@email.com,female,developer,22
839,Mariele,Merell,Mariele.Merell@email.com,male,police officer,32
840,Kary,Cyrie,Kary.Cyrie@email.com,female,doctor,41
841,Katuscha,Parsaye,Katuscha.Parsaye@email.com,female,doctor,22
842,Carlie,Dom,Carlie.Dom@email.com,male,doctor,29
843,Ashlee,Jagir,Ashlee.Jagir@email.com,female,worker,43
844,Arabel,Pillsbury,Arabel.Pillsbury@email.com,female,firefighter,35
845,Gretal,Tayib,Gretal.Tayib@email.com,female,police officer,37
846,Kittie,Markman,Kittie.Markman@email.com,female,worker,37
847,Ada,Latini,Ada.Latini@email.com,male,police officer,18
848,Georgetta,Meli,Georgetta.Meli@email.com,male,firefighter,38
849,Orelia,Wu,Orelia.Wu@email.com,male,worker,39
850,Chrystel,Ariella,Chrystel.Ariella@email.com,female,police officer,33
851,Melanie,Gordon,Melanie.Gordon@email.com,male,firefighter,36
852,Sharai,Reneta,Sharai.Reneta@email.com,male,developer,36
853,Renae,Norvol,Renae.Norvol@email.com,female,firefighter,42
854,Hyacinthe,Nahum,Hyacinthe.Nahum@email.com,male,firefighter,45
855,Roz,Bebe,Roz.Bebe@email.com,male,worker,23
856,Carolina,Wandie,Carolina.Wandie@email.com,male,firefighter,27
857,Elora,Lilas,Elora.Lilas@email.com,male,firefighter,31
858,Bibby,Schonfeld,Bibby.Schonfeld@email.com,female,worker,32
859,Corina,Cavan,Corina.Cavan@email.com,male,developer,46
860,Agathe,Buffum,Agathe.Buffum@email.com,female,developer,19
861,Konstance,Reneta,Konstance.Reneta@email.com,male,worker,43
862,Marguerite,Brotherson,Marguerite.Brotherson@email.com,female,developer,33
863,Mureil,Bluh,Mureil.Bluh@email.com,male,doctor,20
864,Tamqrah,Kress,Tamqrah.Kress@email.com,male,developer,23
865,Winny,Vastah,Winny.Vastah@email.com,female,police officer,35
866,Dianemarie,Lindemann,Dianemarie.Lindemann@email.com,female,firefighter,21
867,Shauna,Doig,Shauna.Doig@email.com,female,doctor,40
868,Abbie,Emanuel,Abbie.Emanuel@email.com,male,police officer,42
869,Ottilie,Keily,Ottilie.Keily@email.com,male,firefighter,46
870,Maisey,Warthman,Maisey.Warthman@email.com,female,developer,46
871,Dania,Velick,Dania.Velick@email.com,female,firefighter,36
872,Eve,Roscoe,Eve.Roscoe@email.com,male,firefighter,24
873,Lexine,Tillford,Lexine.Tillford@email.com,female,firefighter,25
874,Mara,Hebner,Mara.Hebner@email.com,female,doctor,29
875,Basia,Afton,Basia.Afton@email.com,male,firefighter,27
876,Lilith,Cynar,Lilith.Cynar@email.com,male,worker,44
877,Glenda,Shuler,Glenda.Shuler@email.com,male,developer,41
878,Annice,Abernon,Annice.Abernon@email.com,female,doctor,18
879,Dyann,Orlene,Dyann.Orlene@email.com,female,doctor,18
880,Micheline,Morgun,Micheline.Morgun@email.com,female,doctor,19
881,Fanny,Voletta,Fanny.Voletta@email.com,female,worker,33
882,Elvira,Havens,Elvira.Havens@email.com,male,police officer,29
883,Leeanne,Sherfield,Leeanne.Sherfield@email.com,female,worker,30
884,Andree,Sharl,Andree.Sharl@email.com,female,firefighter,24
885,Lenna,Kendrick,Lenna.Kendrick@email.com,female,worker,37
886,Cathie,Curren,Cathie.Curren@email.com,male,doctor,37
887,Kelly,Lenny,Kelly.Lenny@email.com,female,doctor,30
888,Edee,Norvol,Edee.Norvol@email.com,female,developer,29
889,Yvonne,Bettine,Yvonne.Bettine@email.com,female,worker,30
890,Deirdre,Seessel,Deirdre.Seessel@email.com,female,developer,26
891,Micheline,Hylan,Micheline.Hylan@email.com,female,doctor,34
892,Wanda,Tremayne,Wanda.Tremayne@email.com,female,police officer,44
893,Asia,Sharl,Asia.Sharl@email.com,male,doctor,29
894,Verla,Allina,Verla.Allina@email.com,female,doctor,41
895,Rosaline,Verger,Rosaline.Verger@email.com,female,police officer,18
896,Sean,Pitt,Sean.Pitt@email.com,female,police officer,31
897,Jenda,My,Jenda.My@email.com,male,doctor,43
898,Nariko,Erich,Nariko.Erich@email.com,male,firefighter,23
899,Edith,Gabrielli,Edith.Gabrielli@email.com,male,worker,39
900,Jackie,Brieta,Jackie.Brieta@email.com,female,developer,46
901,Evaleen,Grimbly,Evaleen.Grimbly@email.com,male,doctor,22
902,Mariele,Douglass,Mariele.Douglass@email.com,female,doctor,37
903,Cissiee,Jena,Cissiee.Jena@email.com,female,doctor,19
904,Lorenza,Colbert,Lorenza.Colbert@email.com,female,developer,23
905,Agathe,Nore,Agathe.Nore@email.com,female,doctor,21
906,Lonnie,Fulmer,Lonnie.Fulmer@email.com,male,worker,40
907,Doralynne,Read,Doralynne.Read@email.com,female,developer,45
908,Mureil,Sherrie,Mureil.Sherrie@email.com,female,firefighter,28
909,Elyssa,Colleen,Elyssa.Colleen@email.com,female,firefighter,28
910,Vivia,Christal,Vivia.Christal@email.com,female,doctor,27
911,Sissy,Ax,Sissy.Ax@email.com,female,worker,32
912,Ada,Othilia,Ada.Othilia@email.com,female,police officer,39
913,Dulcinea,Lytton,Dulcinea.Lytton@email.com,female,worker,30
914,Fredericka,Fleeta,Fredericka.Fleeta@email.com,female,firefighter,46
915,Blondelle,Lane,Blondelle.Lane@email.com,male,doctor,40
916,Taffy,August,Taffy.August@email.com,female,police officer,18
917,Lorenza,Berl,Lorenza.Berl@email.com,female,firefighter,43
918,Cyndie,Baylor,Cyndie.Baylor@email.com,female,doctor,34
919,Layla,Campball,Layla.Campball@email.com,male,firefighter,33
920,Paulita,Connelly,Paulita.Connelly@email.com,female,developer,43
921,Yolane,Dearborn,Yolane.Dearborn@email.com,female,developer,27
922,Sindee,Celestine,Sindee.Celestine@email.com,male,developer,27
923,Gwyneth,Guildroy,Gwyneth.Guildroy@email.com,male,doctor,46
924,Lonnie,Boycey,Lonnie.Boycey@email.com,female,firefighter,35
925,Linet,Aida,Linet.Aida@email.com,female,doctor,31
926,Dorthy,Bennie,Dorthy.Bennie@email.com,female,developer,39
927,Tina,August,Tina.August@email.com,female,police officer,20
928,Constance,Thomasina,Constance.Thomasina@email.com,female,developer,39
929,Romona,Nester,Romona.Nester@email.com,female,police officer,39
930,Juliane,Lauraine,Juliane.Lauraine@email.com,male,worker,25
931,Robbi,Koziara,Robbi.Koziara@email.com,male,police officer,33
932,Maisey,Tristram,Maisey.Tristram@email.com,male,police officer,20
933,Meriel,Marcellus,Meriel.Marcellus@email.com,female,doctor,41
934,Jere,Therine,Jere.Therine@email.com,female,police officer,26
935,Elfreda,Maroney,Elfreda.Maroney@email.com,male,developer,29
936,Dorene,Naor,Dorene.Naor@email.com,male,police officer,20
937,Kayla,Yorick,Kayla.Yorick@email.com,male,police officer,18
938,Deane,Nea,Deane.Nea@email.com,female,worker,36
939,Adelle,Percy,Adelle.Percy@email.com,male,developer,37
940,Stevana,Kimmie,Stevana.Kimmie@email.com,female,worker,28
941,Priscilla,Fry,Priscilla.Fry@email.com,female,worker,41
942,Celisse,Chandler,Celisse.Chandler@email.com,female,developer,44
943,Drucie,Verger,Drucie.Verger@email.com,female,doctor,45
944,Leontine,Pulsifer,Leontine.Pulsifer@email.com,male,developer,22
945,Malina,Ventre,Malina.Ventre@email.com,female,worker,35
946,Kassey,Arathorn,Kassey.Arathorn@email.com,female,developer,19
947,Shannah,Noam,Shannah.Noam@email.com,female,developer,38
948,Misha,Hirsch,Misha.Hirsch@email.com,male,doctor,35
949,Elyssa,Carey,Elyssa.Carey@email.com,female,police officer,43
950,Clary,Allys,Clary.Allys@email.com,female,developer,28
951,Basia,Rustice,Basia.Rustice@email.com,female,doctor,46
952,Frank,Imelida,Frank.Imelida@email.com,female,doctor,19
953,Clementine,Roumell,Clementine.Roumell@email.com,female,police officer,23
954,Marline,Pond,Marline.Pond@email.com,female,worker,23
955,Vita,Warthman,Vita.Warthman@email.com,female,worker,32
956,Hermione,Thar,Hermione.Thar@email.com,male,firefighter,35
957,Tierney,Stuart,Tierney.Stuart@email.com,male,doctor,26
958,Lanna,Sasnett,Lanna.Sasnett@email.com,female,worker,29
959,Annora,Noman,Annora.Noman@email.com,female,doctor,43
960,Daune,Gower,Daune.Gower@email.com,male,doctor,37
961,Carlie,Means,Carlie.Means@email.com,male,worker,40
962,Ardeen,Cottle,Ardeen.Cottle@email.com,male,doctor,19
963,Benita,Gaulin,Benita.Gaulin@email.com,female,doctor,43
964,Lynde,Peg,Lynde.Peg@email.com,female,doctor,37
965,Blake,Pierette,Blake.Pierette@email.com,male,police officer,43
966,Paulita,Reidar,Paulita.Reidar@email.com,male,police officer,19
967,Marjie,Carbo,Marjie.Carbo@email.com,female,police officer,22
968,Sheree,Weide,Sheree.Weide@email.com,female,firefighter,23
969,Frances,Georas,Frances.Georas@email.com,male,police officer,36
970,Sindee,Reidar,Sindee.Reidar@email.com,female,developer,24
971,Andree,Arley,Andree.Arley@email.com,male,developer,19
972,Selia,Olin,Selia.Olin@email.com,female,firefighter,36
973,Kristina,Poll,Kristina.Poll@email.com,male,developer,23
974,Anallese,Mallon,Anallese.Mallon@email.com,male,firefighter,19
975,Ekaterina,Ricarda,Ekaterina.Ricarda@email.com,male,police officer,42
976,Anthia,McLaughlin,Anthia.McLaughlin@email.com,male,police officer,38
977,Nessie,Zuzana,Nessie.Zuzana@email.com,male,police officer,21
978,Florencia,Himelman,Florencia.Himelman@email.com,male,doctor,40
979,Fanchon,Ackerley,Fanchon.Ackerley@email.com,male,doctor,26
980,Bobinette,Liva,Bobinette.Liva@email.com,female,doctor,30
981,Iseabal,Eliathas,Iseabal.Eliathas@email.com,female,police officer,27
982,Janeczka,Lorenz,Janeczka.Lorenz@email.com,male,police officer,27
983,Corina,Durante,Corina.Durante@email.com,male,doctor,18
984,Albertina,Cottle,Albertina.Cottle@email.com,female,doctor,33
985,Mara,Gaynor,Mara.Gaynor@email.com,male,worker,18
986,Carolina,Shields,Carolina.Shields@email.com,male,police officer,18
987,Misha,Dituri,Misha.Dituri@email.com,male,developer,40
988,Yvonne,Jess,Yvonne.Jess@email.com,female,developer,43
989,Sarette,Bonucci,Sarette.Bonucci@email.com,male,developer,35
990,Mathilda,Whiffen,Mathilda.Whiffen@email.com,male,worker,39
991,Cathie,Lipson,Cathie.Lipson@email.com,male,police officer,33
992,Eadie,Baptlsta,Eadie.Baptlsta@email.com,male,developer,27
993,Starla,Jacobah,Starla.Jacobah@email.com,female,police officer,39
994,Goldie,Edee,Goldie.Edee@email.com,female,police officer,24
995,Ermengarde,Thomasina,Ermengarde.Thomasina@email.com,male,firefighter,26
996,Elie,Himelman,Elie.Himelman@email.com,female,police officer,40
997,Joelly,Anton,Joelly.Anton@email.com,male,developer,27
998,Ingrid,Stephie,Ingrid.Stephie@email.com,male,firefighter,33
999,Sadie,Bronk,Sadie.Bronk@email.com,male,firefighter,23
1000,Moyna,Kirbee,Moyna.Kirbee@email.com,female,developer,27
1001,Carilyn,Darrell,Carilyn.Darrell@email.com,male,police officer,25
1002,Clary,Brodench,Clary.Brodench@email.com,female,police officer,32
1003,Lory,Narton,Lory.Narton@email.com,male,worker,29
1004,Winny,Blase,Winny.Blase@email.com,female,police officer,23
1005,Annice,Bronk,Annice.Bronk@email.com,male,developer,19
1006,Sheelagh,Faso,Sheelagh.Faso@email.com,male,doctor,32
1007,Feliza,Vharat,Feliza.Vharat@email.com,male,police officer,21
1008,Blondelle,Blase,Blondelle.Blase@email.com,male,doctor,25
1009,Gaylene,Rocray,Gaylene.Rocray@email.com,female,worker,28
1010,Jessy,Noman,Jessy.Noman@email.com,male,developer,45
1011,Sophia,Sundin,Sophia.Sundin@email.com,male,firefighter,21
1012,Molli,Raffo,Molli.Raffo@email.com,female,developer,32
1013,Kamilah,Eiser,Kamilah.Eiser@email.com,male,doctor,27
1014,Brynna,Glovsky,Brynna.Glovsky@email.com,female,firefighter,23
1015,Tressa,Boycey,Tressa.Boycey@email.com,male,developer,25
1016,Janeczka,Dielu,Janeczka.Dielu@email.com,male,worker,22
1017,Sharlene,Henrie,Sharlene.Henrie@email.com,male,doctor,24
1018,Gavrielle,Iaverne,Gavrielle.Iaverne@email.com,male,firefighter,41
1019,Wanda,Tjon,Wanda.Tjon@email.com,male,firefighter,30
1020,Elvira,Haymes,Elvira.Haymes@email.com,male,worker,39
1021,Merci,Zrike,Merci.Zrike@email.com,male,doctor,29
1022,Nadine,Olin,Nadine.Olin@email.com,male,developer,28
1023,Codie,Ciro,Codie.Ciro@email.com,male,doctor,42
1024,Basia,Bibi,Basia.Bibi@email.com,male,firefighter,42
1025,Melisent,Brady,Melisent.Brady@email.com,male,developer,34
1026,Lesly,Emerson,Lesly.Emerson@email.com,female,developer,46
1027,Jasmina,Kress,Jasmina.Kress@email.com,male,police officer,30
1028,Leona,Jorgan,Leona.Jorgan@email.com,male,firefighter,31
1029,Tressa,Posner,Tressa.Posner@email.com,male,police officer,39
1030,Mildrid,Fleeta,Mildrid.Fleeta@email.com,male,developer,42
1031,Laure,Fax,Laure.Fax@email.com,male,doctor,23
1032,Dawn,Tomasina,Dawn.Tomasina@email.com,female,worker,35
1033,Trudie,Jeanne,Trudie.Jeanne@email.com,female,firefighter,33
1034,Reeba,Mallon,Reeba.Mallon@email.com,female,developer,34
1035,Kenna,Ade,Kenna.Ade@email.com,female,police officer,38
1036,Ketti,Ashely,Ketti.Ashely@email.com,male,developer,44
1037,Aryn,Cristi,Aryn.Cristi@email.com,female,doctor,20
1038,Margarette,Bearnard,Margarette.Bearnard@email.com,female,doctor,20
1039,Helsa,Firmin,Helsa.Firmin@email.com,female,doctor,29
1040,Hermione,Amadas,Hermione.Amadas@email.com,male,firefighter,27
1041,Annora,Norvol,Annora.Norvol@email.com,male,firefighter,24
1042,Mariann,Juliet,Mariann.Juliet@email.com,male,developer,45
1043,Ermengarde,Deegan,Ermengarde.Deegan@email.com,female,police officer,46
1044,Caritta,Izaak,Caritta.Izaak@email.com,male,firefighter,41
1045,Darlleen,Jalbert,Darlleen.Jalbert@email.com,male,doctor,40
1046,Annice,Ralfston,Annice.Ralfston@email.com,female,police officer,31
1047,Xylina,Artie,Xylina.Artie@email.com,male,police officer,45
1048,Margette,Modie,Margette.Modie@email.com,male,worker,36
1049,Iseabal,Carmena,Iseabal.Carmena@email.com,female,firefighter,18
1050,Ericka,Kronfeld,Ericka.Kronfeld@email.com,female,doctor,39
1051,Mariele,Ventre,Mariele.Ventre@email.com,male,developer,25
1052,Jan,Greyson,Jan.Greyson@email.com,male,worker,36
1053,Patricia,Sikorski,Patricia.Sikorski@email.com,female,firefighter,38
1054,Wendi,Ehrman,Wendi.Ehrman@email.com,male,developer,46
1055,Fredericka,Dreda,Fredericka.Dreda@email.com,male,firefighter,35
1056,Deane,Lay,Deane.Lay@email.com,male,doctor,35
1057,Latisha,Tound,Latisha.Tound@email.com,female,police officer,18
1058,Ingrid,Center,Ingrid.Center@email.com,male,firefighter,41
1059,Sherrie,Behre,Sherrie.Behre@email.com,male,worker,22
1060,Betta,Lory,Betta.Lory@email.com,male,doctor,40
1061,Debee,Ardra,Debee.Ardra@email.com,female,doctor,38
1062,Adele,Radu,Adele.Radu@email.com,male,firefighter,25
1063,Tobe,Carolin,Tobe.Carolin@email.com,male,doctor,22
1064,Adriana,Thilda,Adriana.Thilda@email.com,female,firefighter,35
1065,Dari,Simmonds,Dari.Simmonds@email.com,female,developer,18
1066,Raf,Mott,Raf.Mott@email.com,male,firefighter,37
1067,Christian,Aprile,Christian.Aprile@email.com,male,worker,28
1068,Donetta,Dom,Donetta.Dom@email.com,male,police officer,41
1069,Ariela,Afton,Ariela.Afton@email.com,male,doctor,41
1070,Shandie,Roscoe,Shandie.Roscoe@email.com,male,doctor,42
1071,Mallory,Woodberry,Mallory.Woodberry@email.com,female,firefighter,33
1072,Chere,Zuzana,Chere.Zuzana@email.com,female,doctor,36
1073,Phylis,Holbrook,Phylis.Holbrook@email.com,male,firefighter,39
1074,Madalyn,Zetta,Madalyn.Zetta@email.com,male,police officer,31
1075,Tierney,Cherianne,Tierney.Cherianne@email.com,male,firefighter,27
1076,Briney,Alisia,Briney.Alisia@email.com,male,doctor,23
1077,Belva,Faso,Belva.Faso@email.com,female,firefighter,18
1078,Carree,Alice,Carree.Alice@email.com,male,firefighter,30
1079,Larine,Sholley,Larine.Sholley@email.com,female,police officer,28
1080,Mady,Christal,Mady.Christal@email.com,male,doctor,39
1081,Mildrid,Gombach,Mildrid.Gombach@email.com,female,police officer,44
1082,Kial,Liva,Kial.Liva@email.com,male,firefighter,18
1083,Ardenia,Jotham,Ardenia.Jotham@email.com,male,worker,33
1084,Shauna,Kat,Shauna.Kat@email.com,male,worker,31
1085,Britni,Johanna,Britni.Johanna@email.com,male,doctor,42
1086,Iseabal,Buffum,Iseabal.Buffum@email.com,female,doctor,44
1087,Robinia,Buffum,Robinia.Buffum@email.com,female,firefighter,32
1088,Jaclyn,Thilda,Jaclyn.Thilda@email.com,male,police officer,41
1089,Letizia,Florina,Letizia.Florina@email.com,female,firefighter,31
1090,Rayna,Hessler,Rayna.Hessler@email.com,female,firefighter,34
1091,Bobinette,Yerkovich,Bobinette.Yerkovich@email.com,female,doctor,29
1092,Konstance,Orelee,Konstance.Orelee@email.com,male,worker,46
1093,Marguerite,Fennessy,Marguerite.Fennessy@email.com,female,police officer,27
1094,Johna,Gusella,Johna.Gusella@email.com,female,police officer,22
1095,Fernande,Hull,Fernande.Hull@email.com,male,worker,36
1096,Libbie,Laverne,Libbie.Laverne@email.com,female,developer,39
1097,Korrie,Kylander,Korrie.Kylander@email.com,male,doctor,45
1098,Hermione,Tarrant,Hermione.Tarrant@email.com,female,developer,35
1099,Orelia,Mallon,Orelia.Mallon@email.com,male,doctor,33